{
    "original_attractiveness": 573.7692307692307,
    "original_applicable_jobs": 0.09615384615384616,
    "avg_recommendation_time": 0.003257401999999952,
    "new_attractiveness": 767.1538461538462,
    "new_applicable_jobs": 0.6730769230769231,
    "recommendations": {
        "10839851": [
            "1381960"
        ],
        "39718499": [],
        "321": [
            "392272",
            "1381960"
        ],
        "322": [
            "1056766"
        ],
        "324": [
            "1381960",
            "1056766"
        ],
        "325": [
            "1381960",
            "1056766"
        ],
        "326": [
            "1056766"
        ],
        "3243": [
            "1381960",
            "1056766"
        ],
        "3285": [
            "1056766"
        ],
        "3286": [
            "1381960"
        ],
        "3289": [
            "1381960"
        ],
        "32125": [
            "1056766",
            "1381960"
        ],
        "32128": [
            "1381960"
        ],
        "32129": [
            "1381960"
        ],
        "32130": [
            "1056766",
            "1381960"
        ],
        "32131": [
            "1381960"
        ],
        "32133": [
            "1381960"
        ],
        "32134": [
            "682406",
            "1381960"
        ],
        "32135": [
            "1381960",
            "1056766"
        ],
        "32137": [
            "1056766"
        ],
        "32138": [
            "1056766",
            "1381960"
        ],
        "32209": [
            "1381960"
        ],
        "32213": [
            "1381960"
        ],
        "32214": [
            "1056766"
        ],
        "32240": [
            "1381960"
        ],
        "32242": [
            "1056766",
            "1381960"
        ],
        "32267": [
            "1381960"
        ],
        "32328": [
            "1381960",
            "1056766"
        ],
        "32329": [
            "1381960"
        ],
        "32332": [
            "1056766"
        ],
        "32376": [
            "1056766"
        ],
        "32380": [
            "1056766"
        ],
        "32430": [
            "1056766"
        ],
        "32433": [
            "1056766"
        ],
        "32489": [
            "1381960"
        ],
        "32493": [
            "1381960"
        ],
        "32519": [
            "1056766"
        ],
        "32523": [
            "1056766"
        ],
        "32564": [
            "1381960",
            "1056766"
        ],
        "32600": [
            "1381960",
            "1056766"
        ],
        "32601": [
            "1381960",
            "1056766"
        ],
        "32603": [
            "1381960"
        ],
        "32604": [
            "1056766"
        ],
        "32606": [
            "1056766",
            "1381960"
        ],
        "32628": [
            "1381960"
        ],
        "32629": [
            "1381960",
            "1056766"
        ],
        "32631": [
            "1381960"
        ],
        "32632": [
            "1056766"
        ],
        "32668": [
            "1056766",
            "1381960"
        ],
        "32669": [
            "1381960"
        ],
        "32673": [
            "1056766"
        ],
        "32674": [
            "1241254",
            "1056766"
        ]
    }
}